<?xml version="1.0" encoding="UTF-8"?>
<metadata xml:lang="en"><Esri><CreaDate>20200818</CreaDate><CreaTime>09261100</CreaTime><ArcGISFormat>1.0</ArcGISFormat><SyncOnce>TRUE</SyncOnce><DataProperties><lineage><Process ToolSource="e:\program files (x86)\arcgis\desktop10.5\ArcToolbox\Toolboxes\Data Management Tools.tbx\CalculateField" Date="20190903" Time="200037">CalculateField ParkData_20190815 Cat !CLASS_OB_1!.split(' ')[0] PYTHON_9.3 #</Process><Process ToolSource="e:\program files (x86)\arcgis\desktop10.5\ArcToolbox\Toolboxes\Data Management Tools.tbx\CalculateField" Date="20190905" Time="165443">CalculateField ParkData_20190815 r_mi ((!ACRES_1!/640)/(math.pi))**.5 PYTHON_9.3 #</Process><Process ToolSource="e:\program files (x86)\arcgis\desktop10.5\ArcToolbox\Toolboxes\Data Management Tools.tbx\CalculateField" Date="20190905" Time="165650">CalculateField ParkData_20190815 r_mi ((!ACRES_1!/640.0)/(math.pi))**.5 PYTHON_9.3 #</Process><Process ToolSource="e:\program files (x86)\arcgis\desktop10.5\ArcToolbox\Toolboxes\Data Management Tools.tbx\CalculateField" Date="20191004" Time="192349">CalculateField Parks Services "[TRAIL]+ [NATURALARE]+ [HUNTING]+ [FISHING]+ [PICNIC]+ [WATERREC]+ [Playgrounds]" VB #</Process><Process ToolSource="e:\program files (x86)\arcgis\desktop10.5\ArcToolbox\Toolboxes\Data Management Tools.tbx\CalculateField" Date="20191012" Time="132745">CalculateField Parks Services "[TRAIL] + [NATURALARE] + [HUNTING] + [FISHING] + [PICNIC] + [WATERREC] + [Playgrounds] + [Sports_Facilities]" VB #</Process><Process ToolSource="e:\program files (x86)\arcgis\desktop10.5\ArcToolbox\Toolboxes\Data Management Tools.tbx\CalculateField" Date="20191012" Time="132820">CalculateField Parks Services "[TRAIL] + [NATURALARE] + [HUNTING] + [FISHING] + [PICNIC] + [WATERREC]" VB #</Process><Process ToolSource="c:\program files (x86)\arcgis\desktop10.7\ArcToolbox\Toolboxes\Data Management Tools.tbx\CalculateField" Date="20200604" Time="101440">CalculateField "Park Amenities" Trail2 toText(!TRAIL!) PYTHON_9.3 "def toText(num):\n  if (num== 0):\n    return 'No'\n  else:\n    return 'Yes'"</Process><Process ToolSource="c:\program files (x86)\arcgis\desktop10.7\ArcToolbox\Toolboxes\Data Management Tools.tbx\CalculateField" Date="20200604" Time="162936">CalculateField "Park Amenities" NaturalA2 toText( !NATURALARE!) PYTHON_9.3 "def toText(num):\n  if (num== 0):\n    return 'No'\n  else:\n    return 'Yes'"</Process><Process ToolSource="c:\program files (x86)\arcgis\desktop10.7\ArcToolbox\Toolboxes\Data Management Tools.tbx\CalculateField" Date="20200604" Time="162954">CalculateField "Park Amenities" Hunting2 toText( !HUNTING!) PYTHON_9.3 "def toText(num):\n  if (num== 0):\n    return 'No'\n  else:\n    return 'Yes'"</Process><Process ToolSource="c:\program files (x86)\arcgis\desktop10.7\ArcToolbox\Toolboxes\Data Management Tools.tbx\CalculateField" Date="20200604" Time="163009">CalculateField "Park Amenities" Fishing2 toText( !FISHING!) PYTHON_9.3 "def toText(num):\n  if (num== 0):\n    return 'No'\n  else:\n    return 'Yes'"</Process><Process ToolSource="c:\program files (x86)\arcgis\desktop10.7\ArcToolbox\Toolboxes\Data Management Tools.tbx\CalculateField" Date="20200604" Time="163023">CalculateField "Park Amenities" Picnic2 toText( !PICNIC!) PYTHON_9.3 "def toText(num):\n  if (num== 0):\n    return 'No'\n  else:\n    return 'Yes'"</Process><Process ToolSource="c:\program files (x86)\arcgis\desktop10.7\ArcToolbox\Toolboxes\Data Management Tools.tbx\CalculateField" Date="20200604" Time="163042">CalculateField "Park Amenities" WaterRec2 toText( !WATERREC!) PYTHON_9.3 "def toText(num):\n  if (num== 0):\n    return 'No'\n  else:\n    return 'Yes'"</Process><Process ToolSource="c:\program files (x86)\arcgis\desktop10.7\ArcToolbox\Toolboxes\Data Management Tools.tbx\CalculateField" Date="20200604" Time="163058">CalculateField "Park Amenities" Playgrounds2 toText( !Playgrounds!) PYTHON_9.3 "def toText(num):\n  if (num== 0):\n    return 'No'\n  else:\n    return 'Yes'"</Process><Process ToolSource="c:\program files (x86)\arcgis\desktop10.7\ArcToolbox\Toolboxes\Data Management Tools.tbx\CalculateField" Date="20200604" Time="163116">CalculateField "Park Amenities" SportsFac2 toText( !Sports_Facilities!) PYTHON_9.3 "def toText(num):\n  if (num== 0):\n    return 'No'\n  else:\n    return 'Yes'"</Process><Process ToolSource="c:\program files (x86)\arcgis\desktop10.7\ArcToolbox\Toolboxes\Data Management Tools.tbx\CalculateField" Date="20200604" Time="163138">CalculateField "Park Amenities" ADA_Comp2 toText( !ADA_Compliant!) PYTHON_9.3 "def toText(num):\n  if (num== 0):\n    return 'No'\n  else:\n    return 'Yes'"</Process><Process ToolSource="c:\program files (x86)\arcgis\desktop10.7\ArcToolbox\Toolboxes\Data Management Tools.tbx\CalculateField" Date="20200604" Time="163158">CalculateField "Park Amenities" Waste_Recep2 toText( !Waste_Receptacles!) PYTHON_9.3 "def toText(num):\n  if (num== 0):\n    return 'No'\n  else:\n    return 'Yes'"</Process><Process ToolSource="c:\program files (x86)\arcgis\desktop10.7\ArcToolbox\Toolboxes\Data Management Tools.tbx\CalculateField" Date="20200604" Time="163216">CalculateField "Park Amenities" Restrooms2 toText( !Restroom_Facilities!) PYTHON_9.3 "def toText(num):\n  if (num== 0):\n    return 'No'\n  else:\n    return 'Yes'"</Process><Process ToolSource="c:\program files (x86)\arcgis\desktop10.7\ArcToolbox\Toolboxes\Data Management Tools.tbx\CalculateField" Date="20200604" Time="163242">CalculateField "Park Amenities" No_Fee2 toText( !No_Fee_Reservation_Required!) PYTHON_9.3 "def toText(num):\n  if (num== 0):\n    return 'No'\n  else:\n    return 'Yes'"</Process><Process ToolSource="c:\program files (x86)\arcgis\desktop10.7\ArcToolbox\Toolboxes\Data Management Tools.tbx\CalculateField" Date="20200604" Time="163745">CalculateField "Park Amenities" ADA_Comp2 toText( !ADA_Compliant!) PYTHON_9.3 "def toText(num):\n  if (num== 0):\n    return 'No'\n  elif (num==1):\n    return 'Yes'\n  else:\n    return ''"</Process><Process ToolSource="c:\program files (x86)\arcgis\desktop10.7\ArcToolbox\Toolboxes\Data Management Tools.tbx\CalculateField" Date="20200604" Time="164029">CalculateField "Park Amenities" No_Fee2 toText( !No_Fee_Reservation_Required!) PYTHON_9.3 "def toText(num):\n  if (num== 0):\n    return 'No'\n  elif (num==1):\n    return 'Yes'\n  else:\n    return ''"</Process><Process ToolSource="c:\program files (x86)\arcgis\desktop10.7\ArcToolbox\Toolboxes\Data Management Tools.tbx\CalculateField" Date="20200604" Time="164043">CalculateField "Park Amenities" Restrooms2 toText( !Restroom_Facilities!) PYTHON_9.3 "def toText(num):\n  if (num== 0):\n    return 'No'\n  elif (num==1):\n    return 'Yes'\n  else:\n    return ''"</Process><Process ToolSource="c:\program files (x86)\arcgis\desktop10.7\ArcToolbox\Toolboxes\Data Management Tools.tbx\CalculateField" Date="20200604" Time="164122">CalculateField "Park Amenities" Waste_Recep2 toText( !Waste_Receptacles!) PYTHON_9.3 "def toText(num):\n  if (num== 0):\n    return 'No'\n  elif (num==1):\n    return 'Yes'\n  else:\n    return ''"</Process></lineage><itemProps><itemLocation><linkage Sync="TRUE">file://\\EA\C$\work\EJScreen II\ParkEquityAf\v107\parkequity.gdb</linkage><protocol Sync="TRUE">Local Area Network</protocol></itemLocation></itemProps></DataProperties></Esri></metadata>
