<?xml version="1.0" encoding="UTF-8"?><metadata>
    <idinfo>
        <citation>
            <citeinfo>
                <origin/>
                <pubdate>20190627</pubdate>
                <title>Maryland Political Boundaries - Municipal Boundaries</title>
                <onlink>https://geodata.md.gov/imap/rest/services/Boundaries/MD_PoliticalBoundaries/FeatureServer/2</onlink>
            </citeinfo>
        </citation>
        <descript>
            <abstract>Polygon layer contains incorporated municipal boundaries in Maryland. This dataset is created and maintained by the Maryland Department of Planning.This is a MD iMAP hosted service. Find more information at https://imap.maryland.gov.Feature Service Link:https://geodata.md.gov/imap/rest/services/Boundaries/MD_PoliticalBoundaries/FeatureServer/2</abstract>
            <purpose>Maryland Political Boundaries - Municipal Boundaries</purpose>
        </descript>
        <status>
            <update>As needed</update>
        </status>
        <keywords>
            <theme>
                <themekt>None</themekt>
                <themekey>Political</themekey>
                <themekey>Boundary</themekey>
                <themekey>County</themekey>
                <themekey>Counties</themekey>
                <themekey>ZIP Codes</themekey>
                <themekey>Municipalities</themekey>
                <themekey>Vector</themekey>
                <themekey>Dynamic</themekey>
                <themekey>WMS</themekey>
                <themekey>WFS</themekey>
                <themekey>MDP</themekey>
                <themekey>SHA</themekey>
                <themekey>Maryland</themekey>
                <themekey>MD iMAP</themekey>
                <themekey>KML</themekey>
            </theme>
        </keywords>
        <accconst>None</accconst>
        <useconst>The Spatial Data, and the information therein, (collectively the "Data") is provided "as is" without warranty of any kind, either expressed, implied, or statutory. The user assumes the entire risk as to quality and performance of the Data. No guarantee of accuracy is granted, nor is any responsibility for reliance thereon assumed. In no event shall the State of Maryland be liable for direct, indirect, incidental, consequential or special damages of any kind. The State of Maryland does not accept liability for any damages or misrepresentation caused by inaccuracies in the Data or as a result to changes to the Data, nor is there responsibility assumed to maintain the Data in any manner or form. The Data can be freely distributed as long as the metadata entry is not modified or deleted. Any data derived from the Data must acknowledge the State of Maryland in the metadata.</useconst>
        <datacred>MD iMAP, MDP</datacred>
    </idinfo>
    <metainfo>
        <metd>20170807</metd>
        <metc>
            <cntinfo>
                <!--no contact person or organization name available-->
            </cntinfo>
        </metc>
        <metstdn>FGDC Content Standard for Digital Geospatial Metadata</metstdn>
        <metstdv>FGDC-STD-001-1998</metstdv>
        <mettc>local time</mettc>
    </metainfo>
</metadata>
