<?xml version="1.0" encoding="UTF-8"?>
<metadata xml:lang="en"><Esri><CreaDate>20200818</CreaDate><CreaTime>09254600</CreaTime><ArcGISFormat>1.0</ArcGISFormat><SyncOnce>TRUE</SyncOnce><DataProperties><lineage><Process ToolSource="e:\program files (x86)\arcgis\desktop10.5\ArcToolbox\Toolboxes\Data Management Tools.tbx\CalculateField" Date="20191210" Time="102049">CalculateField parks NB "z( !TRAIL_1! )+ z(!NATURALA_1!) + z(!HUNTING_1!) + z(!FISHING_1!) + z(!WATERREC_1!)" PYTHON_9.3 "def z(x):\n    if x == 1:\n        return 1\n    else:\n        return 0\n"</Process><Process ToolSource="e:\program files (x86)\arcgis\desktop10.5\ArcToolbox\Toolboxes\Data Management Tools.tbx\CalculateField" Date="20191210" Time="102437">CalculateField parks PP "z( !PICNIC_1! )*.83+ z( !Playgrou_1! )*.83 + z( !Sports_F_1! )*.83 + z( !Waste_Re_1! )*.83 + z( !Restroom_1! )*.83+z( !No_Fee_R_1!)*.83" PYTHON_9.3 "def z(x):\n    if x == 1:\n        return 1\n    else:\n        return 0\n"</Process><Process ToolSource="e:\program files (x86)\arcgis\desktop10.5\ArcToolbox\Toolboxes\Data Management Tools.tbx\CalculateField" Date="20191210" Time="102527">CalculateField parks PP "(z( !PICNIC_1! )*.83)+ (z( !Playgrou_1! )*.83) + (z( !Sports_F_1! )*.83) + (z( !Waste_Re_1! )*.83) + (z( !Restroom_1! )*.83)+(z( !No_Fee_R_1!)*.83)" PYTHON_9.3 "def z(x):\n    if x == 1:\n        return 1\n    else:\n        return 0\n"</Process><Process ToolSource="e:\program files (x86)\arcgis\desktop10.5\ArcToolbox\Toolboxes\Data Management Tools.tbx\CalculateField" Date="20191210" Time="102641">CalculateField parks PP "(z( !PICNIC_1! )*.83)+ (z( !Playgrou_1! )*.83) + (z( !Sports_F_1! )*.83) " PYTHON_9.3 "def z(x):\n    if x == 1:\n        return 1\n    else:\n        return 0\n"</Process><Process ToolSource="e:\program files (x86)\arcgis\desktop10.5\ArcToolbox\Toolboxes\Data Management Tools.tbx\CalculateField" Date="20191210" Time="102704">CalculateField parks PP (z( !PICNIC_1! )*.83) PYTHON_9.3 "def z(x):\n    if x == 1:\n        return 1\n    else:\n        return 0\n"</Process><Process ToolSource="e:\program files (x86)\arcgis\desktop10.5\ArcToolbox\Toolboxes\Data Management Tools.tbx\CalculateField" Date="20191210" Time="102730">CalculateField parks PP z( !PICNIC_1! ) PYTHON_9.3 "def z(x):\n    if x == 1:\n        return 1\n    else:\n        return 0\n"</Process><Process ToolSource="e:\program files (x86)\arcgis\desktop10.5\ArcToolbox\Toolboxes\Data Management Tools.tbx\CalculateField" Date="20191210" Time="102952">CalculateField parks PP "(z( !PICNIC_1! )*.83)+ (z( !Playgrou_1! )*.83) + (z( !Sports_F_1! )*.83) + (z( !Waste_Re_1! )*.83) + (z( !Restroom_1! )*.83)+(z( !No_Fee_R_1!)*.83)" PYTHON_9.3 "def z(x):\n    if x == '1':\n        return 1\n    else:\n        return 0\n"</Process><Process ToolSource="e:\program files (x86)\arcgis\desktop10.5\ArcToolbox\Toolboxes\Data Management Tools.tbx\CalculateField" Date="20191210" Time="103019">CalculateField parks PP "(z( !PICNIC_1! )*.83)+ (z( !Playgrou_1! )*.83) + (z( !Sports_F_1! )*.83) + (z( !Waste_Re_1! )*.83) + (z( !Restroom_1! )*.83)+(z( !No_Fee_R_1!)*.83)" PYTHON_9.3 "def z(x):\n    if x == '1':\n        return 1\n    elif x == 1:\n        return 1\n    else:\n        return 0\n"</Process><Process ToolSource="e:\program files (x86)\arcgis\desktop10.5\ArcToolbox\Toolboxes\Data Management Tools.tbx\CalculateField" Date="20191210" Time="103315">CalculateField parks Category "!NB! - !PP!" PYTHON_9.3 #</Process><Process ToolSource="c:\program files (x86)\arcgis\desktop10.7\ArcToolbox\Toolboxes\Data Management Tools.tbx\CalculateField" Date="20200701" Time="095806">CalculateField Parks Trails2 toText( !TRAIL_1!) PYTHON_9.3 "def toText(num):\n  if (num== 0):\n    return 'No'\n  elif (num==1):\n    return 'Yes'\n  else:\n    return ''\n"</Process><Process ToolSource="c:\program files (x86)\arcgis\desktop10.7\ArcToolbox\Toolboxes\Data Management Tools.tbx\CalculateField" Date="20200701" Time="095820">CalculateField Parks NaturalA2 toText( !NATURALA_1!) PYTHON_9.3 "def toText(num):\n  if (num== 0):\n    return 'No'\n  elif (num==1):\n    return 'Yes'\n  else:\n    return ''\n"</Process><Process ToolSource="c:\program files (x86)\arcgis\desktop10.7\ArcToolbox\Toolboxes\Data Management Tools.tbx\CalculateField" Date="20200701" Time="095858">CalculateField Parks Hunting2 toText( !HUNTING_1!) PYTHON_9.3 "def toText(num):\n  if (num== 0):\n    return 'No'\n  elif (num==1):\n    return 'Yes'\n  else:\n    return ''\n"</Process><Process ToolSource="c:\program files (x86)\arcgis\desktop10.7\ArcToolbox\Toolboxes\Data Management Tools.tbx\CalculateField" Date="20200701" Time="095909">CalculateField Parks Fishing2 toText( !FISHING_1!) PYTHON_9.3 "def toText(num):\n  if (num== 0):\n    return 'No'\n  elif (num==1):\n    return 'Yes'\n  else:\n    return ''\n"</Process><Process ToolSource="c:\program files (x86)\arcgis\desktop10.7\ArcToolbox\Toolboxes\Data Management Tools.tbx\CalculateField" Date="20200701" Time="095922">CalculateField Parks Picnic2 toText( !Picnic2!) PYTHON_9.3 "def toText(num):\n  if (num== 0):\n    return 'No'\n  elif (num==1):\n    return 'Yes'\n  else:\n    return ''\n"</Process><Process ToolSource="c:\program files (x86)\arcgis\desktop10.7\ArcToolbox\Toolboxes\Data Management Tools.tbx\CalculateField" Date="20200701" Time="095932">CalculateField Parks Picnic2 toText( !Picnic2!) PYTHON_9.3 "def toText(num):\n  if (num== 0):\n    return 'No'\n  elif (num==1):\n    return 'Yes'\n  else:\n    return ''\n"</Process><Process ToolSource="c:\program files (x86)\arcgis\desktop10.7\ArcToolbox\Toolboxes\Data Management Tools.tbx\CalculateField" Date="20200701" Time="095958">CalculateField Parks Picnic2 toText( !PICNIC_1!) PYTHON_9.3 "def toText(num):\n  if (num== 0):\n    return 'No'\n  elif (num==1):\n    return 'Yes'\n  else:\n    return ''\n"</Process><Process ToolSource="c:\program files (x86)\arcgis\desktop10.7\ArcToolbox\Toolboxes\Data Management Tools.tbx\CalculateField" Date="20200701" Time="100020">CalculateField Parks WaterRec2 toText( !WATERREC_1!) PYTHON_9.3 "def toText(num):\n  if (num== 0):\n    return 'No'\n  elif (num==1):\n    return 'Yes'\n  else:\n    return ''\n"</Process><Process ToolSource="c:\program files (x86)\arcgis\desktop10.7\ArcToolbox\Toolboxes\Data Management Tools.tbx\CalculateField" Date="20200701" Time="100036">CalculateField Parks No_Fee2 toText( !No_Fee2!) PYTHON_9.3 "def toText(num):\n  if (num== 0):\n    return 'No'\n  elif (num==1):\n    return 'Yes'\n  else:\n    return ''\n"</Process><Process ToolSource="c:\program files (x86)\arcgis\desktop10.7\ArcToolbox\Toolboxes\Data Management Tools.tbx\CalculateField" Date="20200701" Time="100147">CalculateField Parks Picnic2 toText( !PICNIC_1!) PYTHON_9.3 "def toText(num):\n  if (num== 0):\n    return 'No'\n  else:\n    return 'Yes'\n"</Process><Process ToolSource="c:\program files (x86)\arcgis\desktop10.7\ArcToolbox\Toolboxes\Data Management Tools.tbx\CalculateField" Date="20200701" Time="100206">CalculateField Parks Picnic2 toText( !PICNIC_1!) PYTHON_9.3 "def toText(num):\n  if (num== "0"):\n    return 'No'\n  else:\n    return 'Yes'\n"</Process><Process ToolSource="c:\program files (x86)\arcgis\desktop10.7\ArcToolbox\Toolboxes\Data Management Tools.tbx\CalculateField" Date="20200701" Time="100223">CalculateField Parks WaterRec2 toText( !WATERREC_1!) PYTHON_9.3 "def toText(num):\n  if (num== "0"):\n    return 'No'\n  else:\n    return 'Yes'\n"</Process><Process ToolSource="c:\program files (x86)\arcgis\desktop10.7\ArcToolbox\Toolboxes\Data Management Tools.tbx\CalculateField" Date="20200701" Time="100236">CalculateField Parks Playgroun2 toText( !Playgrou_1!) PYTHON_9.3 "def toText(num):\n  if (num== "0"):\n    return 'No'\n  else:\n    return 'Yes'\n"</Process><Process ToolSource="c:\program files (x86)\arcgis\desktop10.7\ArcToolbox\Toolboxes\Data Management Tools.tbx\CalculateField" Date="20200701" Time="100248">CalculateField Parks SportsFac2 toText( !Sports_F_1!) PYTHON_9.3 "def toText(num):\n  if (num== "0"):\n    return 'No'\n  else:\n    return 'Yes'\n"</Process><Process ToolSource="c:\program files (x86)\arcgis\desktop10.7\ArcToolbox\Toolboxes\Data Management Tools.tbx\CalculateField" Date="20200701" Time="100312">CalculateField Parks ADA_Comp2 toText( !ADA_Comp_1!) PYTHON_9.3 "def toText(num):\n  if (num== "0"):\n    return 'No'\n  else:\n    return 'Yes'\n"</Process><Process ToolSource="c:\program files (x86)\arcgis\desktop10.7\ArcToolbox\Toolboxes\Data Management Tools.tbx\CalculateField" Date="20200701" Time="100325">CalculateField Parks Waste_Rec2 toText( !Waste_Re_1!) PYTHON_9.3 "def toText(num):\n  if (num== "0"):\n    return 'No'\n  else:\n    return 'Yes'\n"</Process><Process ToolSource="c:\program files (x86)\arcgis\desktop10.7\ArcToolbox\Toolboxes\Data Management Tools.tbx\CalculateField" Date="20200701" Time="100335">CalculateField Parks Restrooms2 toText( !Restroom_1!) PYTHON_9.3 "def toText(num):\n  if (num== "0"):\n    return 'No'\n  else:\n    return 'Yes'\n"</Process><Process ToolSource="c:\program files (x86)\arcgis\desktop10.7\ArcToolbox\Toolboxes\Data Management Tools.tbx\CalculateField" Date="20200701" Time="100352">CalculateField Parks No_Fee2 toText( !No_Fee_R_1!) PYTHON_9.3 "def toText(num):\n  if (num== "0"):\n    return 'No'\n  else:\n    return 'Yes'\n"</Process></lineage><itemProps><itemLocation><linkage Sync="TRUE">file://\\EA\C$\work\EJScreen II\ParkEquityAf\commondata\2\parks</linkage><protocol Sync="TRUE">Local Area Network</protocol></itemLocation></itemProps><copyHistory><copy source="C:\Users\joeob\OneDrive\Documents\ArcGIS\Packages\ParkEquityContext3_B1AD1415-7351-4BBB-A807-6035CCF83516\commondata\2\parks" dest="\\EA\C$\work\EJScreen II\ParkEquityAf\commondata\2\parks" date="20200803" time="11135600"></copy></copyHistory></DataProperties></Esri></metadata>
