<?xml version="1.0" encoding="UTF-8"?>
<metadata xml:lang="en"><Esri><CreaDate>20200818</CreaDate><CreaTime>09270700</CreaTime><ArcGISFormat>1.0</ArcGISFormat><SyncOnce>TRUE</SyncOnce><DataProperties><lineage><Process ToolSource="C:\Program Files (x86)\ArcGIS\Desktop10.0\ArcToolbox\Toolboxes\Conversion Tools.tbx\RasterToPolygon" Date="20170111" Time="111932">RasterToPolygon parksdec2016 \\Geodata2\data\Human_Ecology\Parks\ParksDec2016.shp NO_SIMPLIFY VALUE</Process></lineage><itemProps><itemLocation><linkage Sync="TRUE">file://\\EA\C$\work\EJScreen II\PEContextLayers\commondata\ejscreen_ii\ParksLayer</linkage><protocol Sync="TRUE">Local Area Network</protocol></itemLocation></itemProps><copyHistory><copy source="C:\work\EJScreen II\ParksLayer" dest="\\EA\C$\work\EJScreen II\PEContextLayers\commondata\ejscreen_ii\ParksLayer" date="20200803" time="11114700"></copy></copyHistory></DataProperties></Esri></metadata>
